flow_type,producer_app_id,producer_app_name,producer_neighbourhood,producer_queue_manager,producer_queue_name,producer_queue_type,transmit_queue_name,channel_name,consumer_app_id,consumer_app_name,consumer_neighbourhood,consumer_queue_manager,consumer_queue_name,consumer_queue_type
Remote,LIY/KW,Lnvoriywfl Pnhyrfhhvvn Datohhbgr Hdosnbzhehtkyn,Data & Analytics,APPQM_LIY_KW,LIY.GC.JOPPIKT.XL21,Remote,APPQM_APUMN_GC.XMIT,LIYKW.TO.APUMNGC,APUMN/GC,ArcxsllfsZyuMogzcypdcdok,"Core Banking, Mainframe",APPQM_APUMN_GC,LIY.GC.JOPPIKT.XL21,Local
Remote,LIY/KW,Lnvoriywfl Pnhyrfhhvvn Datohhbgr Hdosnbzhehtkyn,Data & Analytics,APPQM_LIY_KW,LIY.GC.YEUZOGZS.XL21,Remote,APPQM_APUMN_GC.XMIT,LIYKW.TO.APUMNGC,APUMN/GC,ArcxsllfsZyuMogzcypdcdok,"Core Banking, Mainframe",APPQM_APUMN_GC,LIY.GC.YEUZOGZS.XL21,Local
Remote,LIY/KW,Lnvoriywfl Pnhyrfhhvvn Datohhbgr Hdosnbzhehtkyn,Data & Analytics,APPQM_LIY_KW,LIY.GC.YEUZOGZS.XR21,Remote,WL6ER2C.XMIT,LIYKW.TO.APUMNGC,APUMN/GC,ArcxsllfsZyuMogzcypdcdok,"Core Banking, Mainframe",APPQM_APUMN_GC,LIY.GC.YEUZOGZS.XR21,Local
Remote,LIY/KW,Lnvoriywfl Pnhyrfhhvvn Datohhbgr Hdosnbzhehtkyn,Data & Analytics,APPQM_LIY_KW,LIY.JUUD.WUTQE.XL21,Remote,APPQM_JUUD_C9.XMIT,LIYKW.TO.JUUDC9,JUUD/C9,LCU-Juudoflf Tiebollfipcgc,"Core Banking, Mainframe",APPQM_JUUD_C9,LIY.JUUD.WUTQE.XL21,Local
Remote,LIY/KW,Lnvoriywfl Pnhyrfhhvvn Datohhbgr Hdosnbzhehtkyn,Data & Analytics,APPQM_LIY_KW,LIY.JUUD.WUTQE.XL22,Remote,APPQM_JUUD_C9.XMIT,LIYKW.TO.JUUDC9,JUUD/C9,LCU-Juudoflf Tiebollfipcgc,"Core Banking, Mainframe",APPQM_JUUD_C9,LIY.JUUD.WUTQE.XL22,Local
Remote,LIY/KW,Lnvoriywfl Pnhyrfhhvvn Datohhbgr Hdosnbzhehtkyn,Data & Analytics,APPQM_LIY_KW,LIY.JUUD.WUTQE.XL23,Remote,APPQM_JUUD_C9.XMIT,LIYKW.TO.JUUDC9,JUUD/C9,LCU-Juudoflf Tiebollfipcgc,"Core Banking, Mainframe",APPQM_JUUD_C9,LIY.JUUD.WUTQE.XL23,Local
Remote,LIY/KW,Lnvoriywfl Pnhyrfhhvvn Datohhbgr Hdosnbzhehtkyn,Data & Analytics,APPQM_LIY_KW,LIY.JUUD.WUTQE.XL24,Remote,APPQM_JUUD_C9.XMIT,LIYKW.TO.JUUDC9,JUUD/C9,LCU-Juudoflf Tiebollfipcgc,"Core Banking, Mainframe",APPQM_JUUD_C9,LIY.JUUD.WUTQE.XL24,Local
Remote,LIY/KW,Lnvoriywfl Pnhyrfhhvvn Datohhbgr Hdosnbzhehtkyn,Data & Analytics,APPQM_LIY_KW,LIY.JUUD.WUTQE.XL25,Remote,APPQM_JUUD_C9.XMIT,LIYKW.TO.JUUDC9,JUUD/C9,LCU-Juudoflf Tiebollfipcgc,"Core Banking, Mainframe",APPQM_JUUD_C9,LIY.JUUD.WUTQE.XL25,Local
Remote,LIY/KW,Lnvoriywfl Pnhyrfhhvvn Datohhbgr Hdosnbzhehtkyn,Data & Analytics,APPQM_LIY_KW,LIY.JUUD.WUTQE.XL26,Remote,APPQM_JUUD_C9.XMIT,LIYKW.TO.JUUDC9,JUUD/C9,LCU-Juudoflf Tiebollfipcgc,"Core Banking, Mainframe",APPQM_JUUD_C9,LIY.JUUD.WUTQE.XL26,Local
Remote,LIY/KW,Lnvoriywfl Pnhyrfhhvvn Datohhbgr Hdosnbzhehtkyn,Data & Analytics,APPQM_LIY_KW,LIY.JUUD.WUTQE.XL27,Remote,APPQM_JUUD_C9.XMIT,LIYKW.TO.JUUDC9,JUUD/C9,LCU-Juudoflf Tiebollfipcgc,"Core Banking, Mainframe",APPQM_JUUD_C9,LIY.JUUD.WUTQE.XL27,Local
Remote,LIY/KW,Lnvoriywfl Pnhyrfhhvvn Datohhbgr Hdosnbzhehtkyn,Data & Analytics,APPQM_LIY_KW,LIY.JUUD.WUTQE.XL28,Remote,APPQM_JUUD_C9.XMIT,LIYKW.TO.JUUDC9,JUUD/C9,LCU-Juudoflf Tiebollfipcgc,"Core Banking, Mainframe",APPQM_JUUD_C9,LIY.JUUD.WUTQE.XL28,Local
Remote,LIY/KW,Lnvoriywfl Pnhyrfhhvvn Datohhbgr Hdosnbzhehtkyn,Data & Analytics,APPQM_LIY_KW,LIY.JUUD.WUTQE.XL29,Remote,APPQM_JUUD_C9.XMIT,LIYKW.TO.JUUDC9,JUUD/C9,LCU-Juudoflf Tiebollfipcgc,"Core Banking, Mainframe",APPQM_JUUD_C9,LIY.JUUD.WUTQE.XL29,Local
Remote,LIY/KW,Lnvoriywfl Pnhyrfhhvvn Datohhbgr Hdosnbzhehtkyn,Data & Analytics,APPQM_LIY_KW,LIY.JUUD.WUTQE.XL30,Remote,APPQM_JUUD_C9.XMIT,LIYKW.TO.JUUDC9,JUUD/C9,LCU-Juudoflf Tiebollfipcgc,"Core Banking, Mainframe",APPQM_JUUD_C9,LIY.JUUD.WUTQE.XL30,Local
Remote,LIY/KW,Lnvoriywfl Pnhyrfhhvvn Datohhbgr Hdosnbzhehtkyn,Data & Analytics,APPQM_LIY_KW,LIY.JUUD.WUTQE.XL31,Remote,APPQM_JUUD_C9.XMIT,LIYKW.TO.JUUDC9,JUUD/C9,LCU-Juudoflf Tiebollfipcgc,"Core Banking, Mainframe",APPQM_JUUD_C9,LIY.JUUD.WUTQE.XL31,Local
Remote,LIY/KW,Lnvoriywfl Pnhyrfhhvvn Datohhbgr Hdosnbzhehtkyn,Data & Analytics,APPQM_LIY_KW,LIY.JUUD.WUTQE.XL32,Remote,APPQM_JUUD_C9.XMIT,LIYKW.TO.JUUDC9,JUUD/C9,LCU-Juudoflf Tiebollfipcgc,"Core Banking, Mainframe",APPQM_JUUD_C9,LIY.JUUD.WUTQE.XL32,Local
Remote,LIY/KW,Lnvoriywfl Pnhyrfhhvvn Datohhbgr Hdosnbzhehtkyn,Data & Analytics,APPQM_LIY_KW,LIY.JUUD.WUTQE.XL33,Remote,APPQM_JUUD_C9.XMIT,LIYKW.TO.JUUDC9,JUUD/C9,LCU-Juudoflf Tiebollfipcgc,"Core Banking, Mainframe",APPQM_JUUD_C9,LIY.JUUD.WUTQE.XL33,Local
Remote,LIY/KW,Lnvoriywfl Pnhyrfhhvvn Datohhbgr Hdosnbzhehtkyn,Data & Analytics,APPQM_LIY_KW,LIY.JUUD.WUTQE.XL34,Remote,APPQM_JUUD_C9.XMIT,LIYKW.TO.JUUDC9,JUUD/C9,LCU-Juudoflf Tiebollfipcgc,"Core Banking, Mainframe",APPQM_JUUD_C9,LIY.JUUD.WUTQE.XL34,Local
Remote,LIY/KW,Lnvoriywfl Pnhyrfhhvvn Datohhbgr Hdosnbzhehtkyn,Data & Analytics,APPQM_LIY_KW,LIY.JUUD.WUTQE.XL35,Remote,APPQM_JUUD_C9.XMIT,LIYKW.TO.JUUDC9,JUUD/C9,LCU-Juudoflf Tiebollfipcgc,"Core Banking, Mainframe",APPQM_JUUD_C9,LIY.JUUD.WUTQE.XL35,Local
Remote,LIY/KW,Lnvoriywfl Pnhyrfhhvvn Datohhbgr Hdosnbzhehtkyn,Data & Analytics,APPQM_LIY_KW,LIY.JUUD.WUTQE.XL36,Remote,APPQM_JUUD_C9.XMIT,LIYKW.TO.JUUDC9,JUUD/C9,LCU-Juudoflf Tiebollfipcgc,"Core Banking, Mainframe",APPQM_JUUD_C9,LIY.JUUD.WUTQE.XL36,Local
Remote,LIY/KW,Lnvoriywfl Pnhyrfhhvvn Datohhbgr Hdosnbzhehtkyn,Data & Analytics,APPQM_LIY_KW,LIY.JUUD.WUTQE.XL37,Remote,APPQM_JUUD_C9.XMIT,LIYKW.TO.JUUDC9,JUUD/C9,LCU-Juudoflf Tiebollfipcgc,"Core Banking, Mainframe",APPQM_JUUD_C9,LIY.JUUD.WUTQE.XL37,Local
Remote,LIY/KW,Lnvoriywfl Pnhyrfhhvvn Datohhbgr Hdosnbzhehtkyn,Data & Analytics,APPQM_LIY_KW,LIY.JUUD.WUTQE.XL38,Remote,APPQM_JUUD_C9.XMIT,LIYKW.TO.JUUDC9,JUUD/C9,LCU-Juudoflf Tiebollfipcgc,"Core Banking, Mainframe",APPQM_JUUD_C9,LIY.JUUD.WUTQE.XL38,Local
Remote,LIY/KW,Lnvoriywfl Pnhyrfhhvvn Datohhbgr Hdosnbzhehtkyn,Data & Analytics,APPQM_LIY_KW,LIY.JUUD.WUTQE.XL39,Remote,APPQM_JUUD_C9.XMIT,LIYKW.TO.JUUDC9,JUUD/C9,LCU-Juudoflf Tiebollfipcgc,"Core Banking, Mainframe",APPQM_JUUD_C9,LIY.JUUD.WUTQE.XL39,Local
Remote,LIY/KW,Lnvoriywfl Pnhyrfhhvvn Datohhbgr Hdosnbzhehtkyn,Data & Analytics,APPQM_LIY_KW,LIY.JUUD.WUTQE.XL40,Remote,APPQM_JUUD_C9.XMIT,LIYKW.TO.JUUDC9,JUUD/C9,LCU-Juudoflf Tiebollfipcgc,"Core Banking, Mainframe",APPQM_JUUD_C9,LIY.JUUD.WUTQE.XL40,Local
Remote,LIY/KW,Lnvoriywfl Pnhyrfhhvvn Datohhbgr Hdosnbzhehtkyn,Data & Analytics,APPQM_LIY_KW,LIY.JUUD.WUTQE.XL41,Remote,APPQM_JUUD_C9.XMIT,LIYKW.TO.JUUDC9,JUUD/C9,LCU-Juudoflf Tiebollfipcgc,"Core Banking, Mainframe",APPQM_JUUD_C9,LIY.JUUD.WUTQE.XL41,Local
Remote,LIY/KW,Lnvoriywfl Pnhyrfhhvvn Datohhbgr Hdosnbzhehtkyn,Data & Analytics,APPQM_LIY_KW,LIY.JUUD.WUTQE.XL42,Remote,APPQM_JUUD_C9.XMIT,LIYKW.TO.JUUDC9,JUUD/C9,LCU-Juudoflf Tiebollfipcgc,"Core Banking, Mainframe",APPQM_JUUD_C9,LIY.JUUD.WUTQE.XL42,Local
Remote,LIY/KW,Lnvoriywfl Pnhyrfhhvvn Datohhbgr Hdosnbzhehtkyn,Data & Analytics,APPQM_LIY_KW,LIY.JUUD.WUTQE.XL43,Remote,APPQM_JUUD_C9.XMIT,LIYKW.TO.JUUDC9,JUUD/C9,LCU-Juudoflf Tiebollfipcgc,"Core Banking, Mainframe",APPQM_JUUD_C9,LIY.JUUD.WUTQE.XL43,Local
Remote,LIY/KW,Lnvoriywfl Pnhyrfhhvvn Datohhbgr Hdosnbzhehtkyn,Data & Analytics,APPQM_LIY_KW,LIY.JUUD.WUTQE.XL44,Remote,APPQM_JUUD_C9.XMIT,LIYKW.TO.JUUDC9,JUUD/C9,LCU-Juudoflf Tiebollfipcgc,"Core Banking, Mainframe",APPQM_JUUD_C9,LIY.JUUD.WUTQE.XL44,Local
Remote,LIY/KW,Lnvoriywfl Pnhyrfhhvvn Datohhbgr Hdosnbzhehtkyn,Data & Analytics,APPQM_LIY_KW,LIY.JUUD.WUTQE.XL45,Remote,APPQM_JUUD_C9.XMIT,LIYKW.TO.JUUDC9,JUUD/C9,LCU-Juudoflf Tiebollfipcgc,"Core Banking, Mainframe",APPQM_JUUD_C9,LIY.JUUD.WUTQE.XL45,Local
Remote,LIY/KW,Lnvoriywfl Pnhyrfhhvvn Datohhbgr Hdosnbzhehtkyn,Data & Analytics,APPQM_LIY_KW,LIY.JUUD.WUTQE.XL46,Remote,APPQM_JUUD_C9.XMIT,LIYKW.TO.JUUDC9,JUUD/C9,LCU-Juudoflf Tiebollfipcgc,"Core Banking, Mainframe",APPQM_JUUD_C9,LIY.JUUD.WUTQE.XL46,Local
Remote,LIY/KW,Lnvoriywfl Pnhyrfhhvvn Datohhbgr Hdosnbzhehtkyn,Data & Analytics,APPQM_LIY_KW,LIY.JUUD.WUTQE.XL47,Remote,APPQM_JUUD_C9.XMIT,LIYKW.TO.JUUDC9,JUUD/C9,LCU-Juudoflf Tiebollfipcgc,"Core Banking, Mainframe",APPQM_JUUD_C9,LIY.JUUD.WUTQE.XL47,Local
Remote,LIY/KW,Lnvoriywfl Pnhyrfhhvvn Datohhbgr Hdosnbzhehtkyn,Data & Analytics,APPQM_LIY_KW,LIY.JUUD.XL21,Remote,APPQM_JUUD_C9.XMIT,LIYKW.TO.JUUDC9,JUUD/C9,LCU-Juudoflf Tiebollfipcgc,"Core Banking, Mainframe",APPQM_JUUD_C9,LIY.JUUD.XL21,Local
Remote,LIY/KW,Lnvoriywfl Pnhyrfhhvvn Datohhbgr Hdosnbzhehtkyn,Data & Analytics,APPQM_LIY_KW,LIY.JUUD.XL22,Remote,APPQM_JUUD_C9.XMIT,LIYKW.TO.JUUDC9,JUUD/C9,LCU-Juudoflf Tiebollfipcgc,"Core Banking, Mainframe",APPQM_JUUD_C9,LIY.JUUD.XL22,Local
Remote,LIY/KW,Lnvoriywfl Pnhyrfhhvvn Datohhbgr Hdosnbzhehtkyn,Data & Analytics,APPQM_LIY_KW,LIY.JUUD.XL23,Remote,APPQM_JUUD_C9.XMIT,LIYKW.TO.JUUDC9,JUUD/C9,LCU-Juudoflf Tiebollfipcgc,"Core Banking, Mainframe",APPQM_JUUD_C9,LIY.JUUD.XL23,Local
Remote,LIY/KW,Lnvoriywfl Pnhyrfhhvvn Datohhbgr Hdosnbzhehtkyn,Data & Analytics,APPQM_LIY_KW,LIY.JUUD.XR21,Remote,WL6ER0C.XMIT,LIYKW.TO.JUUDC9,JUUD/C9,LCU-Juudoflf Tiebollfipcgc,"Core Banking, Mainframe",APPQM_JUUD_C9,LIY.JUUD.XR21,Local
Remote,LIY/KW,Lnvoriywfl Pnhyrfhhvvn Datohhbgr Hdosnbzhehtkyn,Data & Analytics,APPQM_LIY_KW,LIY.JUUD.XR22,Remote,WL6ER0C.XMIT,LIYKW.TO.JUUDC9,JUUD/C9,LCU-Juudoflf Tiebollfipcgc,"Core Banking, Mainframe",APPQM_JUUD_C9,LIY.JUUD.XR22,Local
Remote,LIY/KW,Lnvoriywfl Pnhyrfhhvvn Datohhbgr Hdosnbzhehtkyn,Data & Analytics,APPQM_LIY_KW,LIY.JUUD.XR23,Remote,WL6ER0C.XMIT,LIYKW.TO.JUUDC9,JUUD/C9,LCU-Juudoflf Tiebollfipcgc,"Core Banking, Mainframe",APPQM_JUUD_C9,LIY.JUUD.XR23,Local
Remote,RO,LNVOR JUUD WRQPIEL YEH-TF,Mainframe,APPQM_RO,RO.HMR.LCKD.XR21,Remote,WL6ES3C.XMIT,RO.TO.HMRQX,HMR/QX,Tundi-Jhcxnxs Pnvortjhvvnu hnf Lvgxtl,"Core Banking, Mainframe",APPQM_HMR_QX,RO.HMR.LCKD.XR21,Local
Remote,RO,LNVOR JUUD WRQPIEL YEH-TF,Mainframe,APPQM_RO,RO.QX.WRQN.WQ22.IRQUEK.XR21,Remote,VX.WRQN.WQ22.AO.WUZ20.XX21.XMIT,RO.TO.HMRQX,HMR/QX,Tundi-Jhcxnxs Pnvortjhvvnu hnf Lvgxtl,"Core Banking, Mainframe",APPQM_HMR_QX,RO.QX.WRQN.WQ22.IRQUEK.XR21,Local
Remote,RO,LNVOR JUUD WRQPIEL YEH-TF,Mainframe,APPQM_RO,RO.QX.WRQN.WQ22.IRQUEK.XR22,Remote,VX.WRQN.WQ22.AO.uoiyx.XX21.XMIT,RO.TO.HMRQX,HMR/QX,Tundi-Jhcxnxs Pnvortjhvvnu hnf Lvgxtl,"Core Banking, Mainframe",APPQM_HMR_QX,RO.QX.WRQN.WQ22.IRQUEK.XR22,Local
Remote,RO,LNVOR JUUD WRQPIEL YEH-TF,Mainframe,APPQM_RO,RO.QX.WRQN.WQ22.IRQUEK.XR23,Remote,VX.WRQN.WQ22.AO.WLZhx.XX21.XMIT,RO.TO.HMRQX,HMR/QX,Tundi-Jhcxnxs Pnvortjhvvnu hnf Lvgxtl,"Core Banking, Mainframe",APPQM_HMR_QX,RO.QX.WRQN.WQ22.IRQUEK.XR23,Local
Remote,RO,LNVOR JUUD WRQPIEL YEH-TF,Mainframe,APPQM_RO,RO.QX.WRQN.WQ22.IRQUEK.XR24,Remote,VX.WRQN.WQ22.AO.WQ21.XX21.XMIT,RO.TO.HMRQX,HMR/QX,Tundi-Jhcxnxs Pnvortjhvvnu hnf Lvgxtl,"Core Banking, Mainframe",APPQM_HMR_QX,RO.QX.WRQN.WQ22.IRQUEK.XR24,Local
Remote,RO,LNVOR JUUD WRQPIEL YEH-TF,Mainframe,APPQM_RO,RO.TH.WRQN.WQ22.HLN.YSRC.XL21,Remote,APPQM_LDCWH_TH.XMIT,RO.TO.LDCWHTH,LDCWH/TH,Lnvoriywfl Tevkdtao Oud,Data & Analytics,APPQM_LDCWH_TH,RO.TH.WRQN.WQ22.HLN.YSRC.XL21,Local
Remote,RO,LNVOR JUUD WRQPIEL YEH-TF,Mainframe,APPQM_RO,RO.ZN.WRQN.TJR1.LCRB.GHI.UOVSFRZ.ZQN01,Remote,APPQM_ZN.XMIT,RO.TO.ZN,ZN,Joowugphl lapuign Wetpoktoaje Arcmkbuu Zyudef,Mainframe,APPQM_ZN,RO.ZN.WRQN.TJR1.LCRB.GHI.UOVSFRZ.ZQN01,Local
Remote,RO,LNVOR JUUD WRQPIEL YEH-TF,Mainframe,APPQM_RO,RO.ZN.WRQN.WQ22.LCRB.JHI.UOVSFRZ.XL21,Remote,APPQM_ZN.XMIT,RO.TO.ZN,ZN,Joowugphl lapuign Wetpoktoaje Arcmkbuu Zyudef,Mainframe,APPQM_ZN,RO.ZN.WRQN.WQ22.LCRB.JHI.UOVSFRZ.XL21,Local
Remote,RO,LNVOR JUUD WRQPIEL YEH-TF,Mainframe,APPQM_RO,RO.ZN.WRQN.WQ22.YSRC.XL21,Remote,APPQM_ZN.XMIT,RO.TO.ZN,ZN,Joowugphl lapuign Wetpoktoaje Arcmkbuu Zyudef,Mainframe,APPQM_ZN,RO.ZN.WRQN.WQ22.YSRC.XL21,Local
